-0.6686833	0.13426536	-0.25289324	0.87549865	0.19363871	-0.0047144564	-0.15820852	-0.056484826	0.047738284	-0.008521804	-0.16280991	-0.0485525	-0.31131053	-0.27088627	0.35050452	-0.09549309	-0.3804913	-0.095983565	0.077632144	-0.6051097	2.9143574	-0.46708408	0.037907228	0.032244384	0.035999283	-0.24533139	0.15636863	0.3555109	-0.49872008	0.2675688	1.3226414	0.044160888	-1.3115172	-0.17979647	-0.28645977	-0.2166532	-0.24850982	0.056959324	0.42810565	-1.1830223	0.7106628	-1.0183983	1.0834732	0.19283722	0.11390769	0.21654725	0.06093695	0.016187374	0.6223185	0.06493947	-0.07368224	0.018932335	-0.35029355	0.80916953	-0.76287216	-0.847452	-0.10724321	-0.08204711	0.74638224	0.12468496	-0.028619535	-0.06908814	-0.0021742135	0.027556978	0.41294867	-0.25565872	0.09716845	-0.22960189	0.1492537	0.056417022	0.23850888	0.41393116	-0.22746316	-0.18693298	0.079245105	0.07147221	0.01932199	0.4104726	-0.39075047	0.72290283	0.03586293	-0.4863154	-0.6127169	0.13954937	0.7047977	0.06250989	-0.18558411	-0.98859406	-1.1978987	0.25651932	-1.809204	0.009629458	-0.15532786	1.0120635	0.3761562	-0.0662236	-0.09372279	-0.044220462	-0.89218813	-0.44333836	-0.019558715	-0.019301914	-0.09841241	-0.022399047	-0.2656589	0.0063092858	2.7606947	0.10053609	-0.19025508	0.01706513	-2.4316952	-1.2930912	-0.58705413	-0.53481084	0.34216702	-0.42402822	-0.0024015764	-2.2476141	-0.38841668	0.13361377	2.0645888	0.03392259	-0.42562142	-0.20621684	0.036968533	-0.30742073	-0.051320285	0.14114194	-0.1570931	-0.42855448	0.6459842	-0.41004002	-0.5132599	-0.06567305	0.008425232	-0.25260028	0.42410398	0.25381446	0.13867758	0.47208768	0.17344916	-0.51777744	0.3644963	1.225744	0.22930408	-0.0016492233	0.123166256	-0.35540503	0.080844	0.2944879	0.27344948	0.047340587	-0.91066825	-0.15667382	-1.7943558	0.32662055	-0.26641345	0.099321075	-0.31042475	-0.40348792	-0.043705538	-0.07285594	-0.23991069	-0.07523173	-0.19153012	0.16349235	1.8759469	-0.105655834	1.0048084	0.074463755	0.44580883	0.14107233	-0.09600534	0.026145127	0.0488251	-0.111002244	-0.2359013	0.024769202	-0.32482073	-0.7311201	-0.4448689	-1.0762478	-0.32701558	-0.35772482	-0.10076612	0.22963645	0.1482966	0.16202644	0.1854113	-0.15796211	-0.9820164	0.026032459	-0.935868	-0.066159025	-0.023884812	-0.11452079	-0.100599155	-0.098070025	-0.53468233	0.5058315
-1.0009172	0.17270356	0.030505966	-1.028963	0.3305796	-0.14812283	1.4542564	-0.2150922	0.05859767	-0.19858733	-0.17830287	-0.21042018	-0.04851885	0.15484492	0.61255914	-0.25676277	-0.26339564	-0.6042629	0.1612441	-0.61376166	-0.99007136	-0.47807637	-0.17225431	0.19535324	0.6241449	-0.047192942	0.14840092	0.83548653	1.3129108	0.6923356	-0.57119894	0.13232082	0.3600343	-0.02606124	-0.40280378	-0.19029754	-0.31115463	0.104910515	0.11730417	1.8399131	1.7119206	0.3207818	0.52040595	0.042005617	0.20585798	0.06491922	-0.0069620907	0.17602648	0.22132815	0.2629031	-0.9294073	0.13479495	-0.07733849	0.63450545	-0.32048365	-0.49545705	-0.38067532	-0.012351699	2.2081628	0.25789416	-0.064143844	0.010749601	0.04315172	0.06270141	1.4073664	-0.6806597	0.31508756	0.010869015	0.1774809	0.22495052	-0.20133223	0.54936886	-0.154704	-0.32421225	0.30991787	-0.317595	0.120748326	-1.4911325	0.9688292	1.8375572	0.2547987	-0.18417764	0.33441034	-0.08336607	-1.2871653	-0.03327488	-0.029875921	-1.0206792	0.7977171	0.24057685	-0.97200084	-0.055517644	-0.11775594	-2.0080495	0.48072213	-0.15173411	-0.21834078	0.29246145	0.2987479	0.96762156	1.7025697	0.77304435	-0.010225225	0.41946676	-0.26366726	-0.16924022	0.24793106	-0.484255	-0.20236701	-0.4705939	-0.99626786	-0.5904065	-0.11470346	1.9744011	-0.17747143	-0.6782815	-0.21854289	1.6552994	2.336014	-0.48792893	0.75453347	0.56509334	-0.3832516	3.1697278	0.08347909	-0.22627237	-0.009258581	0.5151697	-0.051378876	-0.17390068	0.4436856	-2.7927597	-0.06960653	-0.32082978	-0.15485188	-0.014591802	-1.0803548	0.0800978	-1.2243762	-1.1248791	0.12612379	-3.1374955	-3.189787	2.2012055	0.464837	0.15427914	0.00078769063	-0.11667295	-0.24886084	0.41337946	0.1372651	0.3158741	1.853753	-0.33529216	-0.04610026	0.13784894	-0.2709065	0.055566773	-0.42714036	-0.22576135	-0.041156538	-0.26905423	-1.010126	-0.046613943	-0.08510328	0.13230845	0.20234063	-0.27875602	0.45299843	-0.06105806	0.2375413	-0.5340865	-0.35543242	0.18315156	0.3895685	-0.14557119	-0.8966505	0.30083162	0.18679959	-2.108171	-0.24078384	-2.055977	-0.04484807	-1.3907452	-0.20413399	-0.04596726	0.36775577	-0.011923175	0.17368163	-0.25299188	-0.33550462	-0.0015244037	-0.64733416	0.26874733	0.018021902	0.18158525	-0.057693597	-0.17346177	-0.36724555	0.3967051
-0.8337036	0.25094193	0.04078566	-0.45140016	0.40621752	0.07251173	0.0027932227	-0.1409611	0.09524624	-0.10356644	-0.0624807	-0.17106676	-0.115043	-0.020542566	0.49615055	-0.21883772	-0.16203585	1.5044482	0.16640091	-0.5218259	1.1818385	0.9334735	-0.11776072	0.09932862	0.49862635	0.1599936	0.27043527	-0.45271605	-0.38042727	0.38127574	-1.2604753	1.6894594	-0.27369985	-0.0018193154	-0.31139544	-0.3513772	-0.045015685	-0.034942277	0.28849164	0.21337663	-2.71187	-1.7287139	-1.0742778	0.0041460134	0.038301595	0.014578337	0.017831832	0.14149629	-0.7482389	0.15384471	-0.37607998	0.09214159	-0.053362075	0.60031796	-0.7783415	-0.16789949	-0.07975136	-0.4166339	-1.098712	0.27012542	-0.21301094	-0.24517843	0.09376307	0.12971222	0.62596756	-0.43485832	0.1628122	0.011603106	0.25666678	0.1976374	-0.08904502	0.2989061	-0.17243546	-0.27244455	0.076463595	0.045715004	0.1641836	-0.77528644	0.3399159	0.02047624	0.18123531	-0.31478077	1.6482785	-0.025162242	-0.7853026	0.16435567	-0.1017614	0.008153767	0.6292315	0.12070409	0.612171	-0.058762163	-0.1003085	0.39544535	0.34454882	-0.035342503	-0.30140767	0.9450894	-0.17219758	0.31283727	0.94631326	0.13118753	-0.05707075	0.016135221	-0.25381023	-0.09508751	0.11684174	-1.6721795	-0.16420996	0.3307095	-1.196655	-1.1232179	-0.34036916	0.7702063	-0.12745246	-0.6723805	0.01823257	-0.24763194	-1.0233368	-0.21854313	0.06572093	-0.112819694	-0.40094587	1.0181746	0.06325978	-0.28844532	0.10357985	0.23103245	-0.1255288	-0.29790634	-0.41917607	1.658859	1.7096484	-0.20165348	-0.029214296	-0.058772814	0.10798432	-0.6948534	-0.4189453	1.7416244	0.26852787	-0.56403375	-0.34118673	-1.3504249	0.17849316	0.23473823	-0.02917698	0.43860584	-0.25493643	0.31389818	0.032278173	0.248971	1.7725013	-0.3991729	-1.0509806	0.10404218	-0.18907572	0.05383613	-0.31089604	0.63659364	0.045643307	-0.048477188	-0.92060804	0.035937164	-0.16236809	0.0292502	0.4467878	-0.24423875	-1.1767364	0.0052606454	0.23620684	1.169622	-0.24008286	0.06841208	0.14903225	-0.23250754	-0.19765896	0.12618563	-0.07566419	-0.12557751	1.1095622	1.1216658	-0.047484577	0.9242895	-0.15039232	0.1689404	-1.0403749	0.022358421	0.085781746	-0.24465661	0.27621222	0.13831767	-1.1073924	0.00061674044	0.041741274	0.14718497	-0.06732574	-0.0696893	-0.24860556	0.3548385
-0.7938741	-0.14999652	-0.37591964	0.49106824	0.08532837	-0.083117306	1.3457308	0.11577389	0.1478701	-0.20643257	-0.27721408	-0.21204965	-0.15550146	-0.2131114	0.16009672	-0.089433014	-0.16407219	-2.4217114	0.0118256975	-0.6830156	-3.0690043	-0.55088764	0.083158016	-0.2671023	-0.30811715	-0.32085538	0.223701	0.025577545	1.4362773	0.7536949	-0.8733145	-0.47841167	-0.51556355	0.29291096	-0.25043654	-0.21691523	-0.19598457	0.43989357	0.42347705	-0.43153134	2.1076763	0.2380874	0.36934096	0.29666266	-0.04014004	-0.079554535	-0.050677158	-0.18055166	-0.48997995	0.06208838	-0.23632926	0.19679376	-0.56187654	0.85922956	-0.32909575	-3.004906	-0.37970668	-0.07029117	-1.2612628	0.20428547	-0.021857448	0.38811842	0.22997741	0.19245219	-1.533623	-0.18297523	0.286817	-0.2640685	0.17859235	0.1761193	0.24258702	0.16625187	-0.4207327	-0.24070928	0.105236754	0.08749893	0.1591355	-0.48760113	0.57791585	1.4577568	-0.21864313	-0.067373596	1.8518295	-0.00064910203	-0.8270756	-0.22871044	-0.16496226	-1.5150589	1.3165056	0.25831518	-0.76934296	-0.12438771	-0.030895345	0.58107877	0.42310637	-0.14528705	0.07143119	-0.8719661	-1.0659544	0.40649608	0.96001375	-0.38873622	-0.17167489	-0.02309304	-0.334493	-0.13592926	0.9153262	-1.9059663	0.0920772	-1.370793	-0.3085106	-0.3880002	-0.48943415	0.5598542	-0.03532497	1.4574964	-0.15146808	-0.24647841	-0.49865523	0.005831396	0.24875511	-0.09730216	-2.0591874	1.931303	0.25857368	-0.24787888	-0.23093194	0.2317064	-0.041857358	-0.294455	-1.2250168	2.853512	-0.27241993	0.1859366	0.22254667	-0.2722937	0.007355407	-1.6648833	0.75511575	0.50895965	0.20533913	-1.3597254	0.6336871	1.9282144	0.1771032	0.10379528	0.05587092	-0.51420254	-0.03503315	0.37616915	0.39720187	0.18006282	3.2736273	0.11633142	3.0751371	0.47217318	-0.23351397	-0.22049314	-0.13396445	0.9048669	0.16023311	-0.20860119	0.6582962	-0.32372192	-0.45449352	0.27575248	0.2538085	-0.13283445	1.8255008	0.16741963	0.24473117	1.8338919	-0.5549469	-0.2368088	0.01768373	-0.08664579	-0.8133588	0.25472558	-0.06968647	1.5172689	-0.5592415	-0.78025335	-0.12857932	-0.80697006	-0.53978926	-0.035038613	2.4260585	0.21849807	0.27333328	-0.20490907	-1.4118662	0.036904316	0.37439921	0.14992964	-0.2813756	-0.07662839	-0.20216551	-0.10913901	-0.59638906	0.31450516
0.40961346	-0.043325342	0.2982336	-0.43853563	-0.055096924	0.069178075	0.23253942	-0.20647733	0.14939594	0.059217215	0.05685328	0.0006140843	0.13130774	0.33659756	-0.039086368	0.39525756	-0.07664198	0.3560995	0.18048137	-0.094434865	-0.3557743	-0.99052155	-0.09302153	0.056514844	-0.30167264	-0.39293787	0.21097162	-0.14864743	2.3638098	-0.31780422	-0.8542715	1.1777831	0.6191818	0.12423691	0.107739516	0.3089004	0.04389558	0.19891083	-0.05035603	1.0355072	0.18701427	1.2025424	-0.010817841	-0.120563745	0.06802996	0.23042804	-0.15258932	0.104802415	-0.59292483	0.12500484	0.88711137	0.12567504	0.16685028	-0.19539055	1.1553044	-0.4981764	-0.086989686	0.04680913	-0.97806245	0.13883114	0.28402176	0.32954678	-0.20479481	-0.04293292	-0.6723444	0.033163957	0.13411963	0.18767141	0.187922	-0.0074491138	-0.04642841	0.030079387	-0.07615623	-0.03469931	0.047255024	0.15248895	-0.25344053	-0.49106845	-1.6982572	-1.3183626	-0.48921746	0.09142975	0.9531001	-0.09900934	0.6124123	-0.10131314	0.021552546	0.70947915	-0.80339456	0.13667236	0.8354792	-0.12552482	-0.006108798	1.5718637	0.038213592	0.028773274	0.26372397	-0.27298293	-0.68484825	-0.5605252	-0.9664836	-1.1578648	0.0249266	-0.004868338	-0.07683278	-0.024566665	-0.56394833	-0.08665308	0.15981004	0.10579642	0.78712153	0.40767428	-0.15267791	0.13499546	0.15188485	0.24290046	0.24363942	0.48375484	1.73115	-0.14329758	-1.2723957	0.32207516	-0.5324383	1.1225653	-0.22920206	-0.13357484	0.024729045	-0.17441504	-0.19520217	-0.27219975	0.42841828	1.2491677	-0.3486055	0.054407522	0.16977122	-0.042050626	1.0676049	0.08549333	0.18832098	-0.07406366	-0.33800048	-0.017907321	0.640938	-0.53649354	0.15501384	-0.012338884	0.111634605	0.032711197	-0.4205666	0.03521932	-0.09623375	-0.21717048	-0.61003536	0.28661257	-0.8766899	0.4645009	-0.22565849	-0.022517271	0.18938974	-1.4373742	0.2796533	0.03780601	-0.42316356	-0.0310263	0.025357768	0.04566404	1.3193095	0.028833952	-1.0805955	-0.08925603	0.15258947	0.43921334	-0.012785308	0.21794857	0.101113215	-0.114647515	-0.8710063	0.21520245	-0.2593044	0.4164103	0.39381358	0.40683487	-0.06931699	1.5992855	-0.13243267	-0.22745101	-2.1228235	-0.09268615	-0.047646046	-0.07698277	0.16962664	-0.019984368	-1.1543049	-0.0004467927	-0.14839487	-0.1942484	-0.009460989	-0.11353743	0.16967821	0.06559962
-0.89018565	0.14120793	-0.093911946	-0.2959883	0.20773353	-0.033365007	0.9172611	0.1321023	0.14130889	-0.17265336	-0.03649007	-0.21440338	-0.17553498	-0.25037202	0.29489586	-0.24763243	-0.19156659	-0.15123177	-0.011137566	-0.6294857	1.2928073	1.819218	-0.03610301	-0.101998	0.27314156	0.24745144	0.1748793	0.5563728	-1.1451826	0.4763725	0.18401304	1.3745937	0.009320401	-0.04863358	-0.37582275	-0.27989623	-0.12368936	0.16626924	0.37532872	2.2746418	-0.01827903	0.98841196	-0.07815738	0.09698491	-0.056892537	0.114154994	0.14354819	-0.25414684	0.1440876	0.08706558	-0.43177742	0.19378082	-0.34321156	0.59084815	-1.3178962	-1.9185232	-0.15953244	0.24687117	-0.32239676	0.18273441	-0.301634	0.9298015	0.26024354	0.21363097	-0.74568075	-0.16607422	0.10499966	-0.16052306	0.095011055	0.16898859	0.07773723	0.24536467	-0.42154354	-0.34070802	0.04246305	-0.008723274	0.19889481	-0.67715883	0.31018025	-1.9070867	0.12155581	-0.20588097	0.6448691	-0.09502401	2.3001838	-0.08525344	-0.22137578	-0.08007404	1.5503637	0.14258319	-1.1140175	0.03406468	-0.21263003	-0.5566369	0.27994552	-0.10632221	-0.18491942	1.0007309	-1.4594437	0.4505649	0.29298484	-0.44700995	0.05108137	0.14539985	-0.33999547	-0.09488991	-1.3617848	0.44674566	-0.17876196	-1.134664	-1.1946939	-2.2662506	-0.4073617	-0.7956441	-0.113543145	-0.5153524	-0.09410201	-0.13582963	-1.5894468	-0.0850149	-0.45007733	-0.68346757	-1.3564095	0.31747097	0.15745574	-0.32685575	-0.17583725	0.3544653	-0.09598845	-0.28682956	0.32367614	-0.7204572	0.065278664	-0.0687564	-0.010483775	-0.12924972	-1.241623	0.48394105	-1.1267974	0.98890543	0.29838595	-1.3385663	-0.08626482	2.4231534	-0.06435071	0.13770995	0.06385172	0.3678308	0.07787523	0.3006384	0.18007386	0.23129337	-1.221941	-0.33845899	1.0555845	0.2754601	-0.04548211	0.057664476	-0.091123424	-0.3213898	0.09024847	-0.03173162	-0.62181383	-0.08233303	-0.18175688	-0.092977315	0.6987282	-0.2343762	0.13734964	-0.05463423	0.23498072	-0.7608377	-0.24113297	-0.37963712	0.041830912	-0.30697104	-0.33843446	-0.011825949	-0.10154167	-0.7347977	0.3044524	0.3194568	-0.13472798	0.12952232	-0.29616874	0.23882629	-0.24228214	0.18717518	-0.11132039	-0.1682056	0.7178795	0.08022547	1.8052238	0.3838215	-0.11218344	0.06973453	-0.09795572	-0.040825535	-0.3212981	0.45611602
0.21621782	-0.12995315	-0.044054683	1.1535238	-0.18995503	-0.061461534	0.31266782	0.084665745	-0.12470189	0.10359577	0.022469753	-0.21905251	0.006864637	0.11288947	-0.20646401	0.007611083	-0.019364413	0.49836785	-0.5165007	-0.07170377	2.329604	1.2142293	-0.044858485	-0.27543598	-0.31295907	0.65178627	-0.20813301	-1.932651	0.7933743	0.25740066	-1.514084	1.5751915	-0.18633652	0.29496598	0.011207901	-0.0071943644	0.1467503	0.39790028	0.055272058	0.065614484	-0.2997952	-1.289797	-1.1164554	-0.32792068	0.004711425	0.030079002	0.5196131	-0.43054053	-1.9989805	-0.17744812	-0.8080873	-0.0131206205	-0.008582059	-0.47260404	-1.6406664	-0.30168468	-0.27394867	1.6579643	0.33015978	0.46383575	-0.008263177	-0.87019634	0.4525382	0.07994633	-0.27721316	0.6400595	-0.07542361	-0.1445907	-0.25169703	0.03326038	0.35985896	-0.37941042	-0.63932306	-0.52598196	-0.04000473	-0.27113134	0.16802274	-1.3990256	-0.5548782	-1.4456342	-0.13316697	0.35698107	-0.59853876	-0.7782986	0.46689188	-0.35762933	-0.4773394	0.96444577	0.14479034	-0.12660995	-0.14038914	0.22222254	0.032127924	-0.42395306	-0.33831808	0.024726607	0.09355727	-0.19791868	-0.571034	-1.0012414	1.3085855	0.8496973	0.28650284	0.16519822	0.27038825	-0.2325701	-0.8762173	-0.45922658	-0.17451248	-0.25321886	-0.4213177	-1.5167722	0.5999231	-0.26093036	-0.55159014	-0.72430974	0.09094159	-0.44521683	0.20163938	-0.33107072	2.4474947	1.1900182	-1.7705848	0.3070525	-0.11872576	-0.115967266	-0.16347168	0.12992491	0.070657566	-0.05114819	-1.3521978	0.927104	-1.498774	-0.111229464	-0.060791526	0.52232504	-1.4903508	-0.22528493	0.9642428	-1.1492217	-0.12430602	0.29917604	-1.4411216	0.08703478	-0.32582444	0.3341331	-0.024866432	-1.0983503	0.41473094	0.31499532	0.011037961	-0.015215771	-0.27372813	0.15240473	-0.9406246	0.16122025	0.6297686	0.1945726	0.5620881	2.688067	0.22452432	-0.0510593	-2.2054892	-0.19889635	-0.523232	-0.42580646	-1.5740176	0.5093779	-0.81119174	0.066218786	-0.27877185	-0.097226925	-0.3214581	-0.7151096	-0.34463644	-0.22540626	-0.8098492	0.3698094	0.08362876	1.2218415	-0.69495505	0.85721534	0.23636082	-0.58430415	0.08765992	-0.101584114	-1.3142445	0.33853617	-0.17205925	0.27487057	2.0032725	-0.013831217	0.26309893	0.605023	-0.17841978	0.35026234	-0.072356924	0.012990478	0.51631063	-0.023853973
0.32981962	0.051901616	-0.03651854	0.67758036	0.10070902	0.10142447	-2.1425786	-0.15270053	0.025264576	0.07636586	-0.12305906	0.07668476	-0.13443139	0.13838671	-0.081843436	0.28862792	-0.3568601	0.5956163	0.21020648	-0.22009698	-1.2464508	-0.977808	-0.02984561	0.29858083	-0.20346542	-0.4992294	0.14817935	0.78140575	-0.47386	-0.38243356	-0.25001186	-1.6541337	0.07960651	0.060307857	0.008706458	0.24758452	-0.037620984	-0.03880123	-0.026050895	0.22446601	0.82226336	-0.83274156	0.86860305	-0.16566227	0.19348823	0.21408103	0.16234246	0.1677256	0.454999	0.015793905	0.6677507	0.10611501	-0.014132459	0.16960648	0.64838785	1.2134433	-0.20627324	1.3173915	0.8316822	0.0373362	0.22834033	0.2181234	-0.17460142	-0.04231929	0.82103413	-0.011048995	0.20311871	0.013734613	0.09169716	-0.08357848	0.041271437	0.23241276	-0.10589537	-0.05421361	0.15378267	0.0026459396	-0.26152644	-1.5282431	0.12847665	-0.61484915	-0.26984453	0.09273971	-0.47329196	0.04844194	0.4996639	-0.012332015	-0.019900369	0.5349765	1.0977092	0.17634748	-0.6152699	-0.1556839	-0.0077973753	-0.19053501	0.18498474	-0.10463655	0.16123787	0.7969254	0.6877693	0.6488888	-0.25903156	0.020870782	0.003532987	0.09360737	-0.06526012	0.025405645	-1.2086302	1.0078533	0.083795376	-0.47774544	1.0227051	0.618167	-0.1696888	1.6257914	0.31368935	-0.46885478	0.2081864	-1.2207603	1.5783876	-0.08133023	-1.5245477	-1.3091595	0.7869601	0.7848794	-0.16526273	-0.29612365	0.11896704	-0.084120646	-0.15590686	-0.21150385	0.07661061	0.71730906	-0.7146474	0.11366898	-4.2472035e-05	0.08729899	0.8598352	0.7344656	-0.27813256	-0.91802096	-0.16567934	-1.1007965	2.026609	0.3369133	0.2662341	0.07449653	0.009448372	-0.38239843	-0.25414607	0.09769265	-0.011930123	-0.2728998	-1.1727787	0.28308138	-0.27016413	0.4687247	-0.09005158	0.0023923442	-0.023429267	-0.89509594	0.17534319	0.0599652	-0.348379	0.083589286	0.15894935	0.15053055	-0.022668958	-0.027224135	0.108133465	-0.035976857	0.11433806	2.3700366	0.109171025	0.16547444	0.027228102	0.035816304	0.7476596	0.29834008	-0.10276936	0.068024874	-0.8888111	0.15923217	-0.21578544	-1.6198801	0.037452437	-0.21131846	0.5887759	-0.10411832	-0.096641615	-0.041536525	-0.13587107	0.06731212	-1.1145487	-0.12906209	-0.15880108	-0.14647534	-0.0047365017	-0.08816214	-0.18665197	0.009199895
0.1876843	0.07557561	0.08238435	0.38105732	0.08166069	0.21472779	-0.1923275	-0.20394087	0.11877665	0.018381117	0.00055057777	-0.07471581	-0.15489118	0.10280803	0.19684888	0.20465483	-0.3645788	1.3980477	0.21471468	-0.23492733	-1.2725254	0.10134132	-0.023580655	0.41524905	0.09049295	-0.4853501	0.090386644	0.5605164	-1.874264	-0.20721008	0.452902	0.02423726	0.87324446	0.015250293	-0.1094322	0.21754327	-0.0975929	-0.11091042	0.054683506	0.44910684	-0.49338633	-1.8905329	1.5127487	-0.14585507	0.37457943	0.19797	0.10716344	0.19924411	0.93086135	0.0785709	0.27384108	0.13388605	0.0046957694	0.2631537	-0.8212559	-1.2722086	-0.20978554	1.2909354	1.1245924	0.087042436	0.19552028	0.64032096	-0.11700235	-0.15764329	1.306134	-0.16203964	0.18497325	0.027224723	0.15701911	-0.023200732	0.07872021	0.2784296	-0.110440925	-0.1699641	0.21031569	-0.023088247	-0.28492785	0.79978883	0.07829984	0.8688892	-0.20172703	-0.01220306	0.6645899	0.09322145	-0.13533065	0.0017493963	-0.00036932714	0.99754	-0.83048165	0.14799182	-0.39949918	-0.118333906	0.070835225	-1.5511423	0.29683074	-0.1469691	0.044352774	0.061499506	-0.015665418	-0.9130001	-1.1007442	-1.8538711	-0.037207473	0.16182806	-0.14891404	-0.03898023	0.9428466	0.2513968	-0.025195591	0.8229715	-0.46584308	-0.7300556	-0.25566182	-0.30724317	0.1510455	0.43825847	0.088951185	0.5219292	2.4081614	-0.2836799	-2.0240455	-0.17229268	0.3474203	-0.6742759	-0.18458335	-0.22181109	0.15997529	-0.055983204	-0.06417191	-0.17906307	1.5375462	0.1340043	-0.3703835	0.0312832	-0.038549695	0.15762517	-0.024929985	0.31090146	-0.1360987	-0.07621479	-0.024099052	0.4605372	0.057403006	0.31101078	0.30351418	0.017836489	-0.029474683	1.4726521	-0.2805324	0.06273093	0.10336974	-0.1090173	0.20316596	0.11128979	2.1162698	0.30075926	-0.08228417	0.017588072	-0.017980687	2.226894	0.02471932	-0.030002678	1.9890759	0.071015224	0.04932484	-0.00029567257	-0.8799281	-0.04835662	0.60377437	-0.060760975	0.14208834	0.3520965	0.0243719	0.23695835	0.16051538	-0.081585385	0.748264	0.302352	-0.055831466	-0.98927045	-2.0033927	-0.87363076	-0.17813456	0.12378284	0.11044092	-0.17543094	1.1579864	-0.109226316	-0.030768722	-0.25341237	0.82032686	0.086559266	-0.90059817	-0.00513551	-0.046735503	-0.119846374	-0.071205005	-0.25638226	-0.2204926	0.28738838
-0.25081408	0.062782474	0.01725166	-0.35808694	0.15904361	0.037868965	-0.46927813	-0.05739162	0.18890652	0.05599332	0.037630852	-0.055504523	-0.12079289	-0.09920533	0.22284514	0.16003026	-0.15624882	-0.28870416	0.17226085	-0.31670296	-0.5647553	0.29799774	-0.061417773	0.055826753	0.20137976	0.07357307	0.32287788	0.8177903	0.4090167	-0.008537132	-0.6700769	-0.6700994	0.023391597	0.019401427	-0.084414	-0.06386682	-0.040973313	0.037355475	0.13691269	-0.50370884	-1.1935762	0.11649494	0.0022486895	-0.089080825	-0.018723654	0.13069473	0.085853405	-0.071200386	0.7182392	0.17971867	0.49142295	0.20412302	-0.03843439	0.36254606	0.03363204	0.35637408	0.008515596	0.38068026	-0.14828035	0.10016172	-0.112654425	0.70007277	0.019926116	0.019099414	-0.8030235	-0.2360043	0.14981383	-0.0081249885	0.2017326	0.073448785	0.04578307	0.14149427	-0.0135115795	-0.016602274	-0.02831325	0.0800838	-0.15934469	-0.7954438	-0.8681157	-0.6330385	-0.063692026	-0.05345326	0.9028106	0.017992862	-0.5494297	0.07388868	-0.08605415	0.5741412	0.4295099	0.062531814	0.069738425	-0.08930281	-0.163851	1.4884686	0.1503337	-0.09216779	-0.09418431	0.6268295	0.81520945	1.484268	-0.7827773	-0.029061459	0.08511792	-0.042807408	-0.20835164	0.15035333	0.16248047	0.29818904	-0.087918274	0.87178475	-0.07698886	0.5863449	-0.56473523	-1.2392093	0.15847	-1.0894732	0.16151465	-1.2313243	-1.0044876	-0.019055272	1.062776	-0.16721365	-1.9589367	-1.0195284	-0.11801569	-0.21201926	0.11636798	0.033635985	-0.20595792	-0.37630188	0.68347704	-1.315589	-1.1758959	-0.09288444	0.016515281	-0.11296025	1.1817226	0.31556642	0.17430042	-0.95496845	0.191859	-0.7892796	0.7135501	1.1352056	-0.13117622	0.095060594	-0.0020979266	2.1636338	-0.25479347	-0.013031581	0.0407089	-0.064720586	1.0674696	-0.05592052	0.07877135	0.24021128	-0.19682175	0.022285387	-0.047226332	0.24579999	0.09704726	-0.062192343	-0.96658486	0.17680782	0.11595777	-0.023854826	1.0960442	-0.117987365	-0.5277296	-0.12723589	0.14505751	-0.57015115	-0.10276363	0.06580344	0.19654857	-0.18672349	-0.15393686	0.13589904	-0.22283871	0.035464555	-0.4940053	-0.50873494	-0.13648194	0.35381904	-0.06384014	0.05261553	-0.25488818	0.007479418	-0.09461339	-0.1636538	-0.25990492	0.10868111	-0.032165565	-0.023756135	0.0155092385	-0.08163744	0.007819053	-0.08294608	-0.07501975	0.33321255
-0.72119445	0.05418861	-0.1444471	0.021576375	0.19177464	0.02516206	1.1132369	-0.007577627	0.07076514	0.0018351513	-0.04414845	-0.2203513	-0.20834048	-0.23913348	0.23645778	-0.14041285	-0.07553278	-0.0412969	0.020806702	-0.58936083	2.178891	1.6960528	-0.03153178	-0.1508752	0.14739312	0.25944266	0.17125262	-2.911545	-1.2626264	0.6311781	-0.56374604	1.1133559	-1.0946738	0.023191374	-0.35159054	-0.36686113	-0.18912026	0.27144837	0.45258033	0.8809947	-0.28200257	0.74620235	1.8715483	0.070637465	0.016369184	0.064538814	0.11331766	-0.2694384	-0.9577164	0.09508599	-0.4082952	0.08032115	-0.26544392	0.50542945	-1.0024017	0.21245843	-0.26660287	-1.7345893	0.3270641	0.31119815	-0.067391224	-0.3435928	0.40570498	0.22293848	0.19422859	-0.06296431	0.08499479	-0.25597343	0.13262664	0.17985526	0.24159105	0.04587076	-0.44833615	-0.41812864	0.0522684	0.041769512	0.24269207	0.1940392	-0.14799061	-0.5696861	0.14754134	-0.13274065	0.19899788	-0.21533012	0.7887897	-0.14990571	-0.4106119	-1.0069493	-2.1992013	0.09279904	1.8738948	-0.00050389767	-0.14891636	-0.24741292	0.15349519	-0.19239144	-0.1409087	0.08011356	-2.0502129	-1.5861397	0.44649315	1.3188069	0.1457278	0.049658872	-0.17850408	-0.14847891	0.84635603	0.54102844	-0.23152992	-0.2074503	-2.100972	-1.791567	-0.34434032	-0.51079273	0.025546692	-0.36922878	-0.04777722	1.3352435	-0.44614324	-0.060381524	0.8638977	-0.21594593	0.075948216	-0.38602096	0.13266104	-0.2879024	-0.21772024	0.328527	-0.037747856	-0.24250437	0.6380714	-2.0505347	0.030508295	0.06725812	0.05596524	-0.036458988	-0.5613791	-0.45662928	-1.9927942	-0.35465086	0.18212	1.6360002	-0.7819543	0.48607564	-0.094784856	0.13517994	0.043280095	-0.6861947	0.15779077	0.2628877	0.040465124	0.28500783	-0.67553854	-0.28791535	-0.13906479	0.22999325	0.07544851	0.1143109	-0.08518822	0.058640964	0.08294184	-0.1067738	-1.7750914	-0.1342843	-0.47670874	-0.012992565	0.60708714	-0.10949686	-0.17877212	-0.011090369	-0.032236777	-0.3541478	-0.30505678	-0.34690925	0.09315843	-0.21888049	-0.9185715	0.09656303	-0.23852718	-1.4246589	1.130355	-1.4187616	-0.13295333	-1.0847226	-0.1475884	0.21932389	-1.4658487	0.11420196	-0.057498664	-0.1945279	0.99061584	0.16384879	0.99258816	0.35596246	-0.18226804	0.051456008	-0.087970555	-0.0718678	-0.20167585	0.43127066
-0.4821387	0.018664874	-0.28243583	1.9653125	0.22845805	-0.028607395	1.6798575	0.15749006	-0.12765568	-0.10312998	-0.01565606	-0.22994374	-0.2442738	-0.31313056	0.28550023	-0.16299355	-0.52172905	-0.66233164	-0.21017453	-0.48200706	-0.7367196	0.19704612	-0.062153667	0.12895721	0.41767	0.3503989	-0.11682388	0.1264942	0.46212718	0.2997652	0.35856363	0.42735034	-1.3530748	-0.121083155	-0.42346844	-0.056195788	-0.2289685	0.043904863	0.42486876	0.663125	0.82018054	-1.0545805	0.7471054	-0.077915326	0.1411662	0.22833392	0.4033553	-0.26390344	-0.104583554	-0.06291762	-1.2055511	0.048961073	-0.22072482	0.5422691	-1.7439057	-1.5650731	-0.22226135	0.913636	-1.8272927	0.17108294	-0.1723328	0.2653087	0.31960016	-0.11435186	-0.5765434	0.050531663	-0.00572944	-0.28309268	-0.16003469	0.051089052	0.28363672	0.35154244	-0.39751133	-0.5286071	0.056139737	-0.36881402	0.06350806	-0.27045336	0.18598232	-0.5976143	0.3522619	-0.37100646	-1.6454403	-0.25292766	1.51136	-0.037276126	-0.484269	-0.55213934	-3.106213	-0.016761623	-0.29290953	0.099166065	-0.059436984	-0.2941624	0.18545829	-0.2862579	-0.26411444	-1.4474385	-0.8811152	-1.0051311	0.91053265	1.402894	-0.0070078857	0.25935552	-0.16017824	-0.041831903	-0.7595591	0.46711832	-0.4087146	-2.5138483	-1.895844	-1.780115	-0.08889593	-1.5742037	-0.06865396	0.33389807	-0.434254	0.69139576	1.5419834	-0.3562373	2.0454125	0.14463738	-0.5223578	0.2224009	0.012454893	-0.4751894	0.06483677	0.339813	0.03368235	-0.33258402	1.354195	-0.13774917	0.69218826	-0.12069297	-0.21950835	0.10301377	-1.1702167	0.2826754	-1.967635	0.42609668	0.4066782	0.46762115	-1.172504	-1.0405377	0.076357946	0.15367895	-0.08462975	2.3755617	0.44643882	0.43330356	0.15476833	0.13254747	0.9428981	-0.3849106	1.599704	0.07019199	0.16852376	0.27274793	-0.19116446	-0.8376496	-0.033546172	-0.10691636	0.3083978	0.06827247	-0.14256787	-0.10247505	-0.6639838	0.017453078	0.98219997	0.07548304	0.14799008	0.8680082	-0.17939457	-0.4437813	-0.16429242	-0.13452749	-0.7031703	0.2507488	-0.108329505	-0.17393652	-0.7550991	-2.1716855	-0.17437658	0.73334163	0.20754674	0.24426773	1.0209618	0.259659	-0.12177451	-0.032082364	-0.71959853	0.07331115	0.3766002	0.30230778	0.010460338	0.15875186	-0.14172225	-0.0016525798	-0.34331658	0.31698525
0.17676485	0.03664822	0.07387118	-0.9093106	0.10499069	0.1670381	0.20816979	-0.10929944	0.23412806	0.19397005	0.19096075	-0.10417956	-0.0033365786	0.054353546	-0.11348377	0.22806822	-0.060034957	0.05138147	0.046623334	0.07280465	1.0707018	-0.52389884	0.025303826	0.12604123	0.19239263	0.387227	0.40102935	0.018137991	-0.90534496	0.17218803	-0.3151725	-0.9632797	-1.4443746	0.3465816	-0.087679364	0.0654246	0.19953397	0.14054263	-0.10556583	-0.3131514	2.034192	-1.5091888	-0.12561484	-0.2899496	0.011697611	0.13228801	0.06266266	-0.18024233	0.41129857	0.18163504	0.85385114	0.15775812	0.26669675	-0.03975401	-0.4407241	1.2308275	-0.1414282	1.4728347	0.52783585	0.103889555	-0.08369965	0.4992207	0.09441404	-0.11349907	-1.8442928	0.1105764	0.19312802	-0.04154412	0.28740996	0.070203856	0.026277687	-0.06120787	-0.20894411	0.14500126	-0.035801873	0.05351898	-0.20762478	-1.1067253	-1.2528634	-0.054828357	-0.14693722	0.2938343	2.534432	-0.25451455	-0.52945524	-0.10643043	-0.2889473	-0.09738231	-0.6515874	0.023263298	-0.99613225	-0.11235902	0.03209754	-1.6525562	-0.3503801	-0.06935689	-0.10746926	-0.64252543	0.6457956	-0.8540679	1.3980799	-1.1622931	0.36168298	-0.03208258	-0.042963617	-0.13107087	-0.895402	-0.9301129	-0.124435805	0.17924747	-0.33702397	-0.4255575	-0.2902409	-0.9574128	-0.026457883	0.46655527	0.36441252	0.70020515	-1.1065125	-0.18298867	-0.7368532	-1.0218127	-1.1194692	-0.90478486	-0.28041118	-0.1933777	0.17112991	-0.20653228	-0.08206971	-0.25036365	0.19628079	0.5218813	-1.8520308	0.00013875961	-0.13197848	0.04858947	0.11739217	-0.6869158	-1.3641388	-0.041307565	0.11121935	0.62080497	1.1215559	1.1313444	-0.24596265	0.15873307	-0.05917778	-0.54585713	-0.33791932	-0.2170503	-0.036303192	-0.12808119	-1.2777382	-0.011090495	1.2102522	0.11248133	-0.04894088	0.07084005	0.17163497	1.4994862	0.19386527	0.002169257	0.4792982	-0.0089725815	0.07238549	-0.14209396	0.3736722	-0.1469761	0.5098846	-0.021220751	-0.21523166	-0.07299132	-0.12383395	0.07693699	0.095047906	-0.2513824	1.2477276	0.21765132	-0.18757078	-0.1111798	-0.47756985	-0.109515466	0.13365336	0.2947246	-0.008337833	-0.2211065	0.5244382	-0.020056438	-0.29644305	-0.11765511	-1.892119	0.15599366	1.9853348	0.17303322	-0.087869175	-0.08908422	0.07188068	-0.056253824	0.4271158	0.2704057
-0.01853919	-0.0672242	0.09904732	0.7896359	0.09782988	0.0074623777	0.05175951	-0.0059840893	0.0054546967	0.040447876	0.06508572	-0.032087706	-0.12202726	0.09157908	0.027641315	0.05045913	-0.1864265	-0.85598177	-0.040330067	-0.24835578	0.6625241	0.48840395	-0.029785424	0.036763214	0.033728525	0.074610665	-0.021817613	-0.71934503	-0.06254196	0.0049663894	-0.9841488	-0.15651669	-0.083977945	0.030429836	-0.11498713	0.12542868	-0.01763872	0.02240374	0.0812855	-0.3349075	0.0018206686	-0.3949158	-0.13721307	-0.06451656	0.15079989	0.13421747	0.215375	-0.12627865	-0.42207947	0.009943288	-0.071252935	0.07453309	0.005650077	-0.003618084	0.13991809	-0.062470607	-0.15751468	-0.28383124	-0.6661011	0.17808494	0.04008796	0.87729293	0.047220305	0.004720874	0.52314425	0.050995387	0.034854803	-0.03162564	-0.076757595	-0.027606364	0.08850965	0.078913875	-0.23328128	-0.23541579	-0.016928613	-0.095876105	-0.0257313	-1.4821997	-0.650155	0.36595923	0.029890694	-0.022759698	1.4013608	-0.20977315	1.4094566	0.024890892	-0.2269407	0.23843351	-0.56361747	0.022310294	-0.73189616	0.05763471	-0.010541357	0.0007195398	0.01804107	-0.06621926	0.019481275	0.22284225	-0.72128177	-0.8152839	0.68570876	-0.13989612	0.11321996	0.097511664	-0.060296327	-0.00034289062	-0.15325505	-0.9350694	-0.10305344	-0.6207171	-0.30944568	0.011436826	0.03562958	-0.67212063	-0.009670839	-0.28669178	0.016078651	0.35919848	0.8128098	-0.1584125	1.4313829	-0.20440295	-0.5780715	-1.183351	-0.12104459	-0.20018747	0.08330539	0.07115768	-0.029875863	-0.2044858	0.58614856	-1.382699	0.4498378	-0.05813992	-0.033469502	0.007333476	1.0216013	-1.1183556	-1.1031168	-0.71171653	0.06912017	-0.7669791	-0.32259664	0.6277789	0.05801477	0.13054532	0.07882392	0.6745989	0.09547794	0.18090425	-0.04296735	-0.13992353	-1.5564846	-0.011708148	0.5666673	0.15186292	0.05873454	0.09878435	0.073789336	-0.061860763	0.09925239	-0.048953786	-1.7084229	-0.016363021	-0.07325531	-0.087303296	0.6245481	0.021786544	-1.0990567	0.00649847	0.06748675	0.27131355	-0.061224483	-0.1360274	-0.018458258	-0.14781947	0.067139335	0.13944772	-0.098815605	-0.1562761	0.071036056	0.24600044	-0.13347386	0.4223939	0.062927686	0.02280754	-0.7541016	0.017003927	-0.015256189	0.034808636	-0.10041516	-0.031514924	0.45285112	0.08339812	-0.09050516	0.023927625	-0.013464328	-0.07448749	0.08442962	0.1785752
0.06977719	-0.07762003	-0.032139342	-0.09710488	0.0055833757	0.060888935	-0.5925348	-0.0036674133	0.1563585	0.1931666	-0.05128109	-0.10515796	-0.15813819	-0.007905129	0.10932511	0.14099015	-0.27793694	0.6205324	0.029208934	-0.09184561	1.591592	-0.8036148	0.016997844	0.022693709	-0.027819052	0.15855856	0.24972238	-0.96160966	0.6456789	0.0045152716	-0.8487858	-0.26261622	-0.077997215	0.2552351	-0.06678652	0.0047296938	0.21412355	0.13161513	0.0036340803	0.5601858	1.0092809	-1.1777362	0.2569049	-0.27580318	0.057627387	0.010867374	0.20547765	-0.1918403	-0.3134491	-0.008428369	0.37401134	0.19117677	-0.042979393	0.14966011	-2.1740718	0.6913499	-0.21402265	-1.1106912	1.0228467	0.11985052	0.029721968	1.1093669	0.24693911	-0.06314426	0.9484613	0.21437514	0.096869394	-0.10295014	0.21091984	0.016399998	0.13943733	-0.017854176	-0.22226095	-0.06772375	0.01908268	-0.0295403	-0.16053627	1.240223	0.51436573	0.5014925	-0.22896016	0.105265446	0.25577554	-0.19798243	-0.69141155	-0.12990716	-0.18659468	-0.9545219	1.9302754	-0.0019945959	0.4874736	-0.06661877	0.011399679	0.18590325	-0.04299878	-0.19577341	0.013676617	1.6061304	1.9219894	0.7969724	0.39077455	-1.3442156	0.2079087	0.00072990917	0.011829399	0.00720869	1.2324837	-0.11187956	-0.14636454	-0.40830263	-1.3589485	-1.2395049	-0.2316645	0.63756675	0.08923679	-0.34525275	0.26223433	-1.3928607	1.6877002	-0.16662478	0.7999776	-0.6555703	1.4468973	-1.5088487	-0.13245872	-0.15561244	0.06902653	-0.012171436	-0.079083085	-0.17415604	-0.26003182	-1.3066463	-0.12822221	0.05860208	-0.14608216	0.11541955	-0.9904802	-0.16173017	-0.691025	-1.4948335	0.033915877	-1.939924	-0.51801324	-0.2622487	-0.31368175	0.13954106	-0.055864073	0.66987747	-0.027597219	-0.0006937776	0.14141446	0.030209703	0.20559238	0.043233328	-0.8373792	0.28004056	0.029926155	0.17205083	0.15540951	-0.19684303	0.1968196	-0.012673834	-0.41508064	0.0015915371	-0.05130919	-0.17866848	-0.8126395	0.028441597	0.42632374	0.051672652	-0.09443527	0.3567827	-0.028471641	-0.15696229	0.0656742	-0.21458112	-0.104248516	0.24221261	-0.08448498	-2.4989188	0.24990936	0.39343044	-0.0499662	-0.111346245	-0.10167692	-0.13710354	0.8397437	0.06407265	-0.12776564	-0.09466368	-0.21368851	0.16737121	0.15798546	0.18998024	-0.09702545	-0.05232371	-0.05892871	0.022159945	0.089969575	0.17159997
0.5027809	-0.0005617216	0.3610946	-0.71234983	-0.08408585	-0.02562524	0.22271082	-0.28761292	0.015850067	0.10736853	0.002475074	-0.031116813	0.20699544	0.5203578	-0.07843451	0.38050106	0.027586285	1.3177791	0.100910574	-0.06990204	-1.7081527	-0.121781215	-0.102145955	0.10878612	-0.3753221	-0.6215086	0.048442405	-1.2332435	1.1455	-0.2130388	1.2707729	1.8208544	-0.54461205	0.15596738	0.21450993	0.41664988	0.018037535	0.17169565	-0.14555457	1.6347204	0.08181898	-0.021360919	0.4646101	-0.14430341	0.19946036	0.17658883	-0.11219367	0.19465345	-0.07587428	0.04473355	0.534425	0.08305935	0.21674787	-0.43996558	0.82087463	0.6576248	-0.32280558	-1.0828012	0.12770261	0.22404696	0.42257008	0.80024123	-0.2838223	-0.009066753	-0.3895226	0.19010463	0.15834266	0.12647144	0.12618178	0.007670994	0.045580704	0.06443625	-0.021810722	-0.10180199	0.1604628	-0.04026285	-0.1071773	-0.99006355	-0.6301883	-0.3512532	-0.44592425	0.2874396	0.048576027	-0.22349802	2.009644	-0.18076956	0.059279487	-1.2751132	-0.33763894	0.2063973	0.96647596	0.03187737	-0.0099177435	0.4808759	0.04040201	0.15533714	0.381773	-1.0917251	-0.9858366	-0.9071331	-1.0954719	-0.17995545	0.10789321	0.11510559	-0.05614155	-0.222724	-0.3274157	-0.42171493	0.1906007	-0.61156887	0.5679128	-0.07703152	0.25189266	0.793505	-0.051262535	-2.0458746	0.22045358	2.1927705	0.57218015	-0.20819624	-1.5006689	-0.28676185	-0.14762893	0.58221316	-0.27874982	-0.027049713	-0.039204493	-0.20630352	-0.14632368	-0.045815393	0.15150942	-0.09733567	-0.021276698	0.16687018	0.18035361	0.11542033	0.5886352	1.0537817	0.1723945	-0.038625	-0.50284964	-0.37337327	1.6922972	-0.31445396	0.37721878	-0.0020433739	0.08962386	-0.044315588	-0.31897187	0.11116838	-0.07019281	-0.20465158	-0.40939796	0.36473745	-0.43332165	0.41348597	-0.0985861	-0.14156684	0.37334156	0.5371651	0.30957386	-0.093893245	0.4963825	-0.096390486	-0.13725153	0.027978089	0.79870176	0.10161451	-0.90634423	-0.025026098	0.11975155	-0.11288614	0.03466163	0.24136075	0.18068428	-0.056732602	-1.5555	0.31441635	-0.10785684	0.7992445	1.4631636	-0.6313098	-0.10295123	0.30512613	-0.07901443	-0.33779186	-0.42063183	-0.097249776	0.002850972	0.0027839672	1.2446206	-0.14861387	1.1372375	0.10098621	-0.18642756	-0.15323612	-0.031911615	-0.29034635	0.25731063	-0.13449506
-0.12344134	0.13881305	-0.11077495	1.0773202	0.14355013	0.06155171	0.61940193	-0.050315537	-0.06643534	-0.08329336	-0.16174988	0.049961656	-0.15523027	0.07608679	0.10876213	-0.0103877615	-0.5129251	0.6163106	0.014063032	-0.2988412	0.32012054	-0.2518663	-0.12597497	0.34726495	0.13965894	-0.1769778	-0.15368009	0.2726835	-1.7476315	-0.19242887	0.12011441	-1.346845	1.345437	-0.22924186	-0.25930604	-0.003157163	-0.2516081	-0.1532268	0.09206751	0.36731306	-0.266976	-0.6423708	-0.9271896	-0.17267646	0.3429996	0.26787472	0.24600297	0.16972429	0.041431807	-0.09216015	-0.4388841	0.025006771	-0.026604418	0.26060292	1.3527285	-2.1409967	-0.24820648	1.1898909	1.6554141	0.16418613	0.04848694	-2.2905328	-0.04624094	-0.08365967	0.4521048	-0.15206262	0.044545088	0.09596796	-0.14430742	-0.12793623	0.028843544	0.462769	-0.19888994	-0.3739315	0.19710426	-0.1496126	-0.08540442	0.036314845	-0.13349754	0.775868	0.20152822	-0.2745774	-0.11398411	-0.071800776	-0.6147305	0.11559468	-0.08302159	1.4103208	-0.29686436	0.1034751	-0.3210111	0.040192068	0.03629463	-1.3417984	0.31595308	-0.076628275	-0.089609295	1.0549479	0.7885263	-0.007365141	0.29809427	-0.2976403	-0.07899374	0.23523332	-0.07976065	-0.057508633	1.768056	-0.3640544	-0.13711044	0.17431232	1.366688	1.1541338	0.082573846	-0.0659297	0.13218743	-0.41478056	-0.22984654	-2.114372	0.8293547	-0.1914457	0.031990096	1.2249775	1.1306446	-0.37985784	-0.03501631	-0.36375928	0.1501287	0.18772505	-0.028553706	-0.3331198	-0.90021765	-0.2941156	0.82235694	-0.21827026	-0.04193515	0.12076169	0.9004797	-0.6190241	-0.00857855	-1.1310716	0.15479946	-1.1698885	-1.283131	0.5703653	0.38200277	0.11644284	0.07259258	0.44588143	0.16953538	0.3321439	-0.023966566	-0.21924715	-1.1880747	-0.08409632	0.7374164	0.22216943	0.03783335	0.08194446	-0.19070762	0.31589898	-0.102060504	0.046367757	1.203884	0.13785972	-0.037544012	-0.005746845	-0.044216126	-0.0057904534	-1.6809882	-0.08397284	0.31752124	0.12620002	-0.093647726	-0.03889622	0.05178474	-0.051149525	1.6599828	0.1466052	0.049421858	-0.098175526	-1.1961844	1.6120356	-0.26411998	0.37818733	0.23722082	0.054545887	0.13182217	0.074506685	0.013009056	0.0037650298	-0.14487965	-0.00861242	-1.0765125	-0.05483805	-0.14248185	0.032037128	0.01184931	-0.0568468	-0.35331672	0.17768897
0.013498604	0.028144501	0.1266054	0.48758715	0.07620883	0.023081247	0.7382904	-0.029681846	0.06050855	-0.022678943	-0.026912218	-0.13537829	-0.15484513	-0.020293597	0.1956639	0.018583016	-0.20420864	0.6716516	-0.08704319	-0.26423255	2.315536	1.890632	-0.09516135	0.09922038	0.013893679	0.012187975	0.070331976	0.27135423	-0.6822058	-0.10274412	-1.8886462	2.990123	-0.035661586	0.11690861	-0.1431165	0.040068187	0.022099182	0.05498267	0.20032676	-0.8425721	-1.7535506	0.07503389	-0.7192405	-0.1799735	0.058181517	0.13784157	0.117331095	-0.02544361	0.40292287	0.047862556	0.061911292	0.11029455	0.0152124725	0.07827736	-0.7732094	-0.7806992	-0.12662481	0.3156249	-0.05666046	0.25476453	0.06768217	0.115637384	-0.008752033	0.046761267	0.25964743	0.06220322	0.122323304	0.00723638	0.10573423	0.16217266	0.12762691	0.050776266	-0.33011556	-0.24572757	0.053980067	-0.024547458	-0.008201558	-0.42629457	0.7451705	-0.3411457	-0.12605268	-0.19636965	-0.1706784	-0.1905163	0.8333845	-0.0843787	-0.15916686	0.40554106	-1.2511986	0.0068362867	0.110106476	0.008535773	0.04064939	0.07488858	0.08458516	-0.005379173	-0.05030572	0.15410767	-1.2962801	-1.0472165	0.17252119	0.14277092	0.050644767	0.0707541	-0.119263574	-0.11888133	0.31695133	-0.6048936	-0.06928881	-0.76661164	-1.2014362	-1.6353738	-0.054710407	1.6420337	-0.0038031861	0.10261673	0.07910596	-0.40569705	-1.8347899	-0.15027943	0.46721646	0.33631378	-1.5103854	-0.63036084	-0.06825079	-0.21395415	-0.0039972346	0.043099683	-0.033815246	-0.23549406	1.0272498	0.6397064	0.8213966	-0.034363024	-0.014627282	0.048551776	-0.5714177	-0.64299244	-0.6036787	0.48318243	-0.10484511	0.473153	-0.022395281	1.8429056	0.035675306	0.17585644	-0.00023839588	0.48093337	-0.023424327	0.23715134	0.030830964	-0.031995967	-0.5681471	0.040217035	-0.42659283	0.28040418	0.06928183	0.105340116	0.023875795	-1.270546	0.11905522	0.04825402	-0.8656452	-0.069226146	-0.17258433	-0.13538933	-0.254743	0.12114945	-0.93919975	0.030307487	0.18655103	1.8677408	-0.066160254	-0.15389195	-0.003316626	-0.16633986	-0.8017326	0.21232267	-0.09905328	0.2286304	-0.52767736	1.7752182	-0.11057412	-0.2991123	-0.043145277	-0.020392304	-2.2115006	0.11020936	-0.08373195	-0.032404438	0.068579234	0.08668159	-0.3904223	0.17450643	-0.11686748	0.013310041	-0.041550573	-0.098314226	0.032091465	0.11747247
-0.09079677	3.3684075e-05	-0.16372524	1.1349809	-0.14197847	0.02755675	0.48243126	0.022352524	0.20493294	-0.010697172	-0.27438268	-0.042915806	-0.24607824	0.062441107	0.074901626	0.0016561318	-0.19071648	0.2524224	0.19372185	-0.8359956	0.7462203	0.9120669	0.1160994	0.017395511	-0.954097	-1.2081397	-0.084105	1.4277914	-0.8561212	-0.23058309	-1.2081462	1.6264708	1.3902926	0.21317592	0.09825493	0.08280484	-0.2537498	0.34076566	0.31853056	0.46370837	-0.27968663	0.027497515	0.06846468	0.35511622	0.1267371	0.23383681	-0.004888706	0.058061633	0.855322	0.06593898	0.7882311	0.104202434	-0.58232737	0.6775038	-1.778581	-0.71545976	-0.4316948	-2.5516686	0.6643587	0.21374865	0.5327141	-1.7700936	-0.16968025	-0.053498007	0.8784191	0.12704	0.16383713	-0.18393582	0.32478872	0.09211903	0.3266185	0.08599036	-0.3123357	-0.19942217	0.28666693	0.28383386	-0.0653557	-0.6180059	0.49914038	1.3840476	-0.70880735	-0.20640036	-0.15721521	0.14024213	0.5769765	-0.1598944	-0.01868363	0.47710827	1.33883	0.6086196	-1.2828522	-0.07424256	-0.02507659	1.9971431	0.7564705	-0.18409912	0.5213311	0.044059128	-1.6141287	-0.19129893	0.6136388	2.1945438	-0.3470506	-0.037010945	-0.27045736	0.050553218	0.72424066	1.7382234	0.43019074	-1.3419099	-1.4179628	-2.6717918	-0.60382617	0.26647633	0.4581721	0.85116917	0.2131771	0.88136464	2.0114954	0.16272962	-2.6316543	0.75074	-1.0840704	2.3889675	0.23935515	-0.098641686	-0.3775916	-0.017491806	-0.17052834	-0.24089752	0.15509559	1.406198	1.4527211	0.46373108	0.37735614	-0.12822035	-2.7428513	-0.472543	0.4304313	-1.309108	-0.38610488	-2.4472299	-0.25081506	-0.33711523	0.37882596	-0.16191837	0.26688138	-1.032559	-0.018958569	0.6105962	0.25431332	-0.028114574	-1.688461	0.5653491	-1.30708	0.97571546	-0.13409588	-0.12452442	-0.061869644	-1.1192669	0.4165808	-0.053731106	0.2682357	-0.3024694	-0.28722882	0.44842696	-0.0029343665	-0.115913734	1.8751342	0.13072808	0.5525813	0.017905585	0.032842435	-0.048467312	0.09134352	-0.07157151	-0.3752026	0.058873773	-0.30765623	-1.3813202	0.46854767	-2.080313	-0.45338646	-1.013435	-0.38944265	-0.11594475	-0.5417065	-0.02191263	0.21096908	-0.35918966	1.2297368	-0.20806286	-1.2738377	-0.10408324	-0.33439755	-0.43193007	-0.10602535	-0.16038881	-0.83199894	0.12927286
-1.0276659	-0.019285124	-0.02500641	-1.4303432	0.17422256	-0.098012134	-0.8880187	-0.005539513	0.07451457	-0.08960943	0.084943995	-0.39979333	0.026861534	-0.12332645	0.4161043	-0.26173022	-0.080745175	-0.62721485	0.27974287	-0.52588296	-0.022182636	2.343612	0.057365224	-0.15012562	0.37742758	0.28770414	0.3170607	0.72433466	-0.41029066	0.9055336	0.11665066	0.10853423	-0.32922813	0.10924935	-0.4144053	-0.26034167	-0.14398536	0.2986214	0.13487467	0.9553634	1.3370135	-1.1538185	-0.65261555	0.06406234	-0.04536692	-0.09986853	-0.00989864	-0.1287696	0.84865355	0.25388744	-0.621224	0.099294454	-0.25876695	0.46051368	-3.0951219	0.12557724	-0.22594278	-0.5812399	-2.0053248	0.22940794	-0.11956138	3.2385147	0.3495487	0.11323496	0.9066828	-0.26696044	0.2825528	-0.17305993	0.32372862	0.28933656	0.15039942	0.041020192	-0.42781338	-0.32854307	0.13025615	-0.043985724	0.28314757	1.755938	-0.26644948	-0.34236237	-0.017359786	0.017127998	1.5482072	-0.13195148	0.1586119	-0.07819342	-0.20715608	0.02515176	-0.012090227	0.3136778	-1.0319806	-0.082956046	-0.17622378	-1.4547275	0.14117612	-0.0872286	-0.16670471	1.3278081	0.17835712	-0.78039706	0.76442146	1.0446497	0.026048731	0.113913186	-0.20225254	-0.21360941	1.1245245	-0.20354208	-0.25003195	1.7850865	-1.9003774	-2.4833336	-0.2925132	1.2287822	-0.38890064	0.5474072	0.10664739	-1.8298461	1.3864561	-0.19013149	1.2194421	-1.2163132	0.36216822	-0.8457897	-0.06593435	-0.21578893	-0.13770568	0.25116968	-0.22271806	-0.19999528	-0.31787372	0.57441694	1.1080487	-0.23039752	-0.025372926	-0.011258755	-1.3679801	1.490576	2.1767027	-3.078553	0.1340428	0.78273594	-0.1889022	0.24264683	0.025964115	0.12654924	0.012757808	-0.947653	-0.3132588	0.13708453	0.405607	0.30283147	-1.5460113	-0.27110624	0.4915235	0.34503502	-0.12513296	0.05527755	-0.16794729	0.968664	0.019580998	-0.17572881	-0.7060701	-0.25926086	-0.24144669	-0.01935697	0.82442915	-0.13201274	1.6615071	0.08623457	0.21507524	0.12121289	-0.32976174	-0.16269583	0.15185326	-0.28882056	0.32077152	0.09927714	-0.048810158	-1.2539898	1.0727155	0.38402846	-0.010784358	-0.9222083	-0.19946334	0.07323971	0.917649	0.2823859	0.13072945	-0.142194	0.7458143	0.23196241	-0.10970538	0.44009495	0.010198196	0.1351792	-0.034123484	-0.088817716	-0.06715873	0.50545734
-0.87522584	0.1678865	0.1334085	-0.27556807	0.34788722	-0.118176386	0.70757735	-0.04394012	0.045888096	-0.13656768	0.17522906	-0.17174518	-0.12818941	-0.009335268	0.44121644	-0.33398494	-0.28184614	-1.0761352	0.052632168	-0.54198754	0.2718412	0.12615533	-0.19577356	0.2097718	0.66771394	0.26282802	0.30209136	1.4529965	0.6792338	0.27069214	1.2574922	2.310671	1.2582828	-0.12644702	-0.24871212	-0.22108397	-0.16454035	-0.18193063	0.23145229	-1.1843723	-1.0375302	-1.1541575	0.1639177	-0.013831388	0.03450518	0.022730017	0.035448976	0.1492629	-0.4402945	0.13411818	-0.53159374	0.09082663	-0.06408149	0.52222365	0.16015898	-0.42784113	-0.037562743	-0.9856773	-1.0081908	0.17238331	-0.3042595	0.22171131	0.13601424	0.14786366	-0.13623542	-0.50285256	0.21511497	0.07550901	0.0737125	0.18890984	-0.06609763	0.3998609	-0.07595864	-0.340368	0.18679689	-0.19092658	0.114798516	-1.4461541	-0.47862464	2.6111727	0.3967555	-0.35916874	-0.9494395	0.043993056	1.2902318	0.26966769	-0.16105811	-0.4271008	-1.5243293	0.12885825	-2.3649151	-0.082569	-0.20760888	0.4966324	0.43963465	-0.11646592	-0.3792548	0.577374	-1.3350964	0.73943865	0.22853257	-1.0740254	-0.10873182	0.22604302	-0.26733536	-0.16245563	-0.6872782	0.56845856	-0.12043577	-0.76188976	-0.41112965	0.085556544	-0.29737863	-0.20521921	-0.13634092	0.804597	-0.03752975	1.4706897	0.26639196	-0.32783097	1.4003747	-0.6246856	0.52043104	-0.47683096	0.0787482	-0.35748443	0.08592284	0.26208845	-0.048480812	-0.34446418	-0.80027556	1.3922689	1.2479591	-0.31092453	-0.05344451	-0.091889635	1.1397394	-0.5826159	0.5008955	0.93693525	0.28288305	-0.28466502	-0.29020116	-0.5411734	0.14624326	0.18803295	-0.08704915	1.1447057	-0.14787346	0.22852047	0.049151644	0.11215879	0.79207176	-0.4589414	-0.94701964	-0.007731609	-0.15632945	0.09954616	-0.3229194	-1.0336232	-0.057509042	-0.1540337	-0.4381738	0.014493067	0.08072257	-0.01179171	0.69355357	-0.28058115	-0.27981147	-0.075711735	0.40562668	1.7611407	-0.16642359	-0.016371358	0.37377518	-0.21767892	0.93411607	0.063119076	-0.07762848	0.27042508	-0.28574923	-0.3924612	-0.12690836	0.004999783	-0.09524933	0.19780368	-0.57720697	-0.005215779	0.018199869	-0.18568991	-0.40221342	0.073817655	-0.38481557	0.037727658	0.040979482	0.168325	0.019538093	-0.13009885	-0.2122224	0.4465201
-0.21989852	-0.0046716556	0.072408766	-0.13771415	0.050194502	0.0045148907	-0.10270718	-0.07534886	-0.0836021	-0.105058536	0.03354704	-0.17438523	0.018743932	0.10685162	0.048068617	-0.009825064	-0.04330885	0.4790591	-0.06283264	-0.29747	-1.1156212	-0.04595254	-0.06404887	-0.025916658	0.026888683	0.15189196	0.081073344	0.705081	0.59312654	0.34097505	-0.7536185	0.9968527	-0.8593539	0.028605308	-0.097106226	0.026314503	-0.045608547	0.23073983	0.14106655	1.0028614	-0.7047774	0.7167668	0.92239434	-0.114522085	0.0993562	0.13538784	0.13204779	-0.07128224	-0.79922825	-0.035914525	-0.57752603	0.05694729	-0.096685156	-0.12363498	-0.0009606478	-0.16284937	-0.24250157	0.95370555	-0.5544874	0.24841927	0.044567876	1.6050098	0.21871258	0.06894239	-0.39328927	0.030796908	-0.019460458	-0.07731691	-0.043101933	0.01666779	0.09964734	0.045273058	-0.27140942	-0.3062245	0.10284889	-0.12039836	0.1817202	-0.7597853	-0.44197065	-0.4067474	0.028930523	0.0630152	-0.2947888	-0.2641177	0.7511619	-0.13790444	-0.23486029	0.35846356	-0.4349139	-0.019685224	1.142079	0.059832394	-0.016393676	0.0025907084	-0.04362874	-0.03276934	-0.026357677	-1.4119706	-1.0139239	-0.66979575	-1.2044553	0.14078835	0.11442684	0.19334665	-0.06388928	-0.14798312	-0.5251147	-0.6514308	-0.13830137	-0.2906594	-0.4938324	-0.5217628	0.21881445	0.011006065	-0.22021079	-1.0107584	-0.07776238	1.3398867	1.4782298	-0.25514477	-0.5443247	0.31001475	0.11157713	-0.57843655	-0.06479101	-0.21092758	-0.0817693	0.20426361	-0.024799917	-0.089451656	1.4311266	-0.9695923	1.072844	-0.027484685	0.03918424	0.09900479	0.7585779	0.447774	-1.7021269	-0.7732907	0.0060032606	0.26171857	0.53345686	1.9182903	0.06456354	0.19419271	0.0113144	-0.91415995	0.019827008	0.21040453	0.0012288392	0.063612625	0.04698731	-0.047845863	1.205301	0.07871733	0.15253454	0.018016435	0.14014596	-0.15967149	0.11558425	-0.13998272	-0.02743534	-0.13383283	-0.26198164	-0.08947289	-0.31464484	0.08502512	-0.6850819	-0.023043424	0.0032490585	-0.15091342	-0.21984199	-0.23512033	0.05106078	-0.19905923	0.4911893	0.22482646	-0.01043668	1.4611042	-0.18084852	-0.97152525	-0.044010647	0.26482925	-0.016276464	-0.025013288	-0.8499036	0.09502961	-0.023021817	0.013634382	0.6393266	0.051474538	-0.7235482	0.25753194	-0.11877721	0.08564608	0.009450842	-0.16631603	0.07546823	0.08158275
-0.13799465	0.08997164	-0.13360389	0.6996088	0.035397798	0.029025558	0.5334542	-0.10478332	0.080998376	0.0037512172	-0.04691643	-0.20701306	-0.034181282	0.056690242	0.021991659	0.16028793	-0.13900232	0.44200307	-0.19302629	-0.27269801	2.2050354	0.20398445	-0.054929435	-0.032377318	0.10782795	0.30551127	0.1256244	-1.5051665	0.7990527	0.4188374	-0.86520416	-0.67732495	-1.6679437	0.09666431	-0.16303527	-0.05070146	0.059270635	0.17938408	0.20905861	-1.847014	-1.5988175	-1.4414963	0.7171708	-0.12514602	0.16940388	0.14961997	0.18034545	-0.14371563	-2.1872187	0.009212602	-0.26026917	0.12556104	0.016440313	0.13370079	-0.6448348	-1.120278	-0.20844607	-1.8131839	0.18666865	0.13240366	-0.06117315	-2.5171177	0.20554243	0.008875795	-0.8080984	0.16914117	0.1035959	-0.12443963	0.13330348	0.06969598	0.23903848	-0.062347032	-0.49044707	-0.24575987	0.08978672	-0.009095326	0.014342751	-0.3905098	-0.87740487	0.29431897	-0.04164716	-0.0038814768	0.9001601	-0.25421393	-1.4678375	-0.13158843	-0.25029424	0.70594186	-0.18127383	-0.022875257	-1.2938038	-0.12393281	-0.019056208	-2.0530317	-0.09296563	0.009574403	-0.12524006	0.49871418	-0.36198485	-3.761049	0.6254469	-1.3647866	0.14945786	0.012699788	-0.042593867	-0.23085772	-0.9905146	-1.4971769	-0.18067843	0.72238475	-0.87073106	-0.225023	-0.034096185	-0.4246896	-0.2063061	0.41469437	0.12715314	0.9714303	0.81291926	-0.25075242	-0.7972187	-0.77485394	-1.0888153	-0.6299632	-0.21590549	-0.18908447	-0.03567809	0.11520116	0.052977387	-0.27905506	-0.44226283	-0.34998837	-0.6986542	-0.14291538	-0.0059506632	0.07237761	0.15953372	0.7124916	1.2366303	0.5552753	0.13081056	-0.43967533	0.6037104	1.8625797	0.083422124	0.2268948	-0.14500174	-1.0084435	0.0058312416	0.22761999	0.033865646	-0.011711257	2.222623	-0.02238641	0.33524215	0.06867812	0.060295906	-0.04170493	-0.014729761	1.0067009	0.1887587	-0.14672183	2.0836096	-0.12142089	-0.35116452	-0.03215656	0.91830206	0.14505963	-0.256489	-0.014386871	-0.07146073	0.4207433	-0.34374386	-0.14039806	-0.1765819	-0.24145482	2.1195564	0.24330667	-0.02398226	1.1055758	0.34000048	-0.09881846	-0.02207226	0.23211154	0.07850254	0.05503907	0.6296101	0.1407935	0.101527065	-0.12628816	0.1154908	0.10300833	-0.10705934	0.16824019	-0.106698565	0.079022124	0.033491764	-0.14931938	0.09886038	0.29179722
0.17789763	-0.024984993	-0.12531212	0.50644064	-0.050725132	-0.03449901	0.12770104	0.12956868	0.15518752	0.1373417	-0.039459754	0.006978005	-0.20938481	-0.007981364	-0.036980253	0.2446204	-0.24236959	-0.8636064	0.12302001	-0.33315954	-0.4822047	0.30177447	0.07338479	0.07147096	-0.49096322	-0.48298135	0.055314895	-0.10061973	0.45773962	-0.43749765	-0.30779645	-0.021864608	0.31681705	0.11559865	0.065489374	0.0904213	0.01905083	0.10209819	0.16458984	1.9819517	1.0081766	0.5399105	-0.5728112	-0.024692189	0.044387974	0.08889545	0.14852929	-0.12858096	-1.3004498	0.010289639	0.6907359	0.20322987	-0.1523249	0.2740052	0.07477422	-0.5458904	-0.18483557	1.9266205	1.2776145	0.019120142	0.13451508	0.77736884	0.028815135	0.10803298	-0.122208424	0.11130453	0.046803977	-0.10487555	0.041607324	-0.2337859	0.09891237	0.04862135	-0.12151995	-0.057519805	0.14193028	0.14072743	-0.22100489	-0.680568	-0.74032396	-0.87731034	-0.35131276	0.03504131	-0.34041956	-0.021055326	-1.2487284	-0.117006816	-0.13951544	-0.4620941	-0.84954965	0.1488238	-1.6057185	0.033887506	0.0023848042	-1.5046992	0.30092537	-0.19133295	0.29206696	1.5929445	1.2542194	1.4971087	0.91106945	0.07670585	-0.112980396	-0.0045614038	-0.07029112	0.12516434	-0.6149857	-1.4197145	0.1767712	-0.5533567	0.6832873	0.039387174	-0.4587651	0.3999238	0.37455463	-0.17054853	0.19123088	-1.5034924	1.0677183	0.04834167	-0.50758296	0.29666236	0.5575839	-0.7335752	0.19101292	-0.18070954	0.076116726	-0.01373421	-0.12146208	-0.28972024	-0.07847835	-1.4790983	0.25726688	0.2409472	0.23625112	-0.013932984	0.30233985	0.4190594	0.33673674	-0.9732653	-0.08520681	-1.2392602	-1.1970346	-0.80218697	-0.0909871	-0.01294262	0.12066621	-0.20281835	-0.05277866	0.13813011	0.04877144	-0.14612244	0.63623136	0.3303706	0.037148476	0.48090628	-0.13370433	-0.043252476	0.12373919	-1.6413502	0.1547642	0.15302593	-0.3529041	0.024517272	0.013566822	0.10387233	-0.713043	0.015329633	-1.5194522	-0.14577538	0.11476155	-0.95026183	-0.03201551	-0.13924733	0.08934464	-0.1407245	1.0813613	0.16508786	-0.3179248	-0.95395386	1.7563258	1.3114147	-0.2891406	-0.8641357	-0.12896714	0.00239175	-0.8024249	0.0073275976	-0.08196668	-0.10358575	0.8492013	0.020405713	0.37099677	-0.058647145	-0.2349894	-0.21812367	0.00957004	-0.081415795	-0.32057625	0.17033379
0.9628635	-0.08679919	0.14509825	0.4865235	-0.14832637	0.12753789	0.100916445	-0.08646	0.123844504	0.27393052	0.24119677	5.722791e-05	0.011935189	0.28752956	-0.23288171	0.44445705	-0.14926916	-0.38049656	-0.08891565	0.09651474	-1.1083552	-0.8962069	-0.022572458	0.2957374	-0.1916077	-0.052811097	0.13978042	-0.15239774	1.8741328	-0.60897535	0.70614785	0.6122151	0.03467115	0.26009637	0.23408759	0.45456168	0.29059184	-0.15363294	-0.1462038	-1.4078474	-1.3067364	-0.47150537	-0.094303444	-0.42189047	0.14497398	0.16057774	0.29340163	-0.024630394	0.5420558	0.01824088	0.8452133	0.13379964	0.32112175	-0.5058428	0.14910339	-1.6080563	-0.18299805	-0.39300102	-0.13360041	0.109372795	0.15126738	1.0137436	-0.080941096	-0.17705072	-0.5484882	0.43826842	0.050260518	0.10713157	0.014959749	-0.08103663	0.03301802	-0.15466332	-0.07348545	0.00083496794	0.0412032	-0.18224767	-0.35518909	-0.6123644	-1.4200966	1.1906172	-0.3394903	0.3235722	0.32057667	-0.28458208	1.2362863	-0.109746955	-0.107780844	1.0120581	-0.31127068	-0.16515787	0.48194087	0.033526063	0.11224687	-0.12290049	-0.17786789	-0.050355583	0.18527138	-0.12258962	-0.073207624	-0.10025802	-0.4496068	-1.661453	0.22748719	0.15089425	0.16338229	-0.09989254	-1.1882647	0.5300879	0.104285456	0.4141657	-0.27003634	0.3654975	0.20065477	-1.5820388	0.04931858	0.15381011	0.38759074	0.94010633	0.30902967	-0.3037978	0.036689475	-1.2617168	0.16329333	-1.3862977	-0.33374307	-0.09375969	0.17913148	-0.3050633	-0.01788627	-0.03502968	0.41191575	-1.1336958	1.7343061	0.24230488	-0.019410465	0.27089188	1.199916	2.099301	1.4297272	-0.98252344	-0.2721519	0.0014522672	-0.15651752	0.0678104	-0.19529314	0.18199924	-0.14685217	0.92515785	-0.06833786	-0.04912307	-0.20561394	-0.37362218	0.15696637	0.3323128	0.5842787	0.14826405	0.28402698	0.05211594	0.4235675	1.3654529	0.28412643	0.007372102	0.872657	0.0701763	0.19548312	-0.2531561	-1.4801842	0.18419205	-0.602403	-0.10224807	-0.08986815	1.5022498	0.11364726	-0.0033230074	0.07854771	-0.16213356	1.0591936	0.42517722	-0.08919799	0.19286326	0.71841484	0.20667627	-0.023413703	1.3517039	0.2348535	-0.40480983	0.8059188	-0.042935688	-0.20666675	0.012180833	-0.27228093	0.078069046	1.593711	0.010109942	-0.12142167	-0.16021217	0.099481285	-0.17902642	0.37892133	-0.22874743
-0.32106727	0.03629107	-0.034004312	-0.87920356	0.024728328	-0.10935129	0.805959	-0.0044106757	0.11913489	-0.043059826	0.18504338	-0.28858942	0.1518856	0.16066693	0.005858589	-0.12816353	0.030330066	-1.9366038	-0.0995274	-0.41481113	-0.5371915	-0.3954524	0.014183685	-0.07740806	-0.042683497	0.28547123	0.12221886	-0.30904895	1.394607	0.5936363	-2.210089	-0.21044935	-1.8061926	0.2953564	-0.10958206	-0.14148766	-0.0625773	0.44976765	0.017576575	-0.8503319	1.7790124	-0.4249543	-0.9704501	-0.05313651	-0.121396236	0.11899852	-0.0009272769	-0.15916063	0.2827712	0.20220344	-0.38179225	-0.09418081	0.051387142	-0.018554352	-0.54509073	-0.44397873	-0.30423027	-1.4431251	0.513375	0.38755187	-0.010390884	-1.9708176	0.2901044	-0.14056057	-1.1630248	0.19870791	0.044243004	-0.07888487	0.14007214	0.12962729	-0.0027518459	0.056333356	-0.4059147	-0.30604503	0.13069993	-0.19589974	0.18292312	-0.6769035	-0.77318686	0.26226932	-0.037612043	0.21665806	1.2304959	-0.42482173	-0.71198696	-0.27216795	-0.346229	-1.9553756	0.3422326	0.062467955	0.8900331	-0.027235597	-0.14225158	-2.1036453	-0.03086174	-0.11199988	0.021277163	-0.47376385	-1.83089	0.43653944	1.2240024	2.9920795	0.060820233	0.25669038	0.17868343	-0.28441828	-0.9554896	0.0523273	-0.12647861	0.81275535	-2.2534626	-1.7916832	0.19361742	-0.9446034	-0.40382028	0.80333173	0.04333599	1.164234	2.2158573	-0.17259365	0.065655634	-0.1710572	-1.8147411	3.078217	-0.07668805	-0.15630984	-0.16750988	0.15048501	0.0065456517	-0.11462079	0.34292895	0.19062588	-1.3986878	-0.09554352	-0.03992713	0.052865107	-0.81088185	1.6882966	-1.0237398	-0.19987452	-0.13548464	-1.5253516	-0.54973537	0.18651842	-0.0025315545	0.10723517	0.024739198	-1.8521497	-0.003309548	0.31154683	-0.026095092	0.12353481	1.0196569	-0.03088785	-0.036164165	0.27831095	0.20461501	-0.02666036	0.024308927	0.71407855	0.27626923	-0.24441431	0.07152202	-0.25390407	-0.24959294	-0.056497503	0.1581366	-0.015910279	1.892225	0.050232306	0.028238336	-0.7436641	-0.3469979	-0.21369144	0.018878073	-0.28840777	0.032156475	0.3037488	-0.041613016	-0.012683421	2.1554446	-2.814058	0.13439897	0.14982793	-0.13210768	-0.12720154	0.031261384	0.25193048	0.027108438	0.020753158	-2.3599088	0.042956468	0.24261193	0.40486464	-0.15217374	0.063827276	0.052396763	-0.024876773	0.09486067	0.057398446
0.020930946	0.08563245	-0.4483912	3.2040987	0.33371207	0.17932905	1.9631969	-0.23653816	-0.20263669	0.05537311	-0.18695946	-0.049092516	-0.60112154	-0.35053575	0.021417785	0.36091635	-0.67181057	0.68502086	-0.07808552	-0.30595675	-0.39441666	-0.8331197	-0.13324735	0.24641858	0.30719733	0.13184215	0.014778089	-1.668673	-0.16896713	0.23226641	-1.3609515	0.81087023	2.0746937	-0.2835148	-0.5735575	0.14916232	-0.12932727	-0.006666966	0.37144047	0.07181359	0.18963899	-1.5868701	0.28175318	-0.30140674	0.4539412	0.30489266	0.48430756	-0.13366956	1.0958397	-0.20525895	-0.5291392	0.0788487	-0.15120365	0.5590693	-0.45878974	1.2073034	-0.3043517	0.29574585	-0.11092578	-0.00056556147	-0.2487427	1.4433312	0.11352633	-0.20351487	-1.9639865	-0.045531027	0.057557937	-0.20579983	-0.21525249	-0.108440675	0.3188905	0.3493961	-0.10529654	-0.4386445	-0.030296966	-0.24723688	-0.2066959	0.07310298	0.18511799	-2.3163586	0.26393366	-0.28585142	-0.057181507	-0.23367125	1.8859185	-0.0030513182	-0.47257408	-0.5524185	-0.44332436	-0.12171871	0.111817904	0.1676276	0.12227481	1.1195079	-0.20144483	-0.22820054	-0.2901869	-1.7877848	1.2902378	1.0009055	-1.4830288	-1.04582	0.0058707707	0.098896496	-0.32806933	-0.062251702	-0.18077165	-0.34577513	-0.55431014	0.45507982	0.78509164	-0.19686252	-0.19568299	0.98250014	0.27783978	-1.3081491	-0.22562234	-0.4187733	1.2212	-0.3504521	1.6628069	1.2942735	-0.3546652	0.9468149	-0.31102437	-0.5284593	0.23074521	0.21273522	0.04470751	-0.4613288	0.7291888	2.2890563	-1.4496762	-0.0038404167	-0.40467766	0.24274367	-0.66965985	1.1804345	1.1341845	0.61719614	0.59848887	-0.53582036	-1.9676337	-0.48669368	0.2587076	0.17038977	-0.17073438	-0.34264797	0.52679753	0.24819066	0.19359878	-0.17389165	0.4277091	-0.36760813	-1.0287166	0.022922315	0.019989569	0.567724	-0.32863507	1.4811168	-0.05991336	0.08603709	-0.88730985	0.2556142	0.04764113	-0.09555739	1.107319	-0.01845957	0.42454788	0.12678455	-0.21222265	-0.9983975	0.033994444	-0.183244	-0.50157547	-0.15076484	-1.6443343	0.43877167	-0.05985171	-0.8790059	-1.2781235	-0.20505282	-0.12314245	-0.61435175	0.4293176	0.15596503	1.0969145	0.24839838	-0.2605536	-0.03258969	-0.87950027	0.061162572	0.435451	0.11354755	0.1092061	0.08202249	-0.1840384	0.08486615	-0.2731128	0.3227057
-0.5662758	0.007546596	-0.21043651	0.0027422905	0.17312774	0.08619876	0.6126616	-0.06971545	0.17618884	0.01849751	-0.05989987	-0.14859234	-0.19951105	-0.34918296	0.35409516	-0.04906039	-0.29212084	0.56062967	0.087502494	-0.4334825	-1.2021061	-0.81334406	0.028392598	0.066290036	0.090140924	-0.053763907	0.25038588	-0.5801699	1.0826951	0.46633574	-0.95201975	0.41751462	-0.29776895	0.2136893	-0.20372391	-0.1422998	-0.046353973	0.16967493	0.28007084	0.99233913	1.239049	-1.5285684	1.0039726	0.017019708	2.5032088e-05	-0.036268745	0.025580324	-0.08226232	2.2505054	0.11629745	-0.050752692	0.112678275	-0.25256523	0.65842414	-1.4465134	-0.78681165	-0.1668003	0.55634075	0.09255625	0.15604983	-0.013749785	0.63277483	0.16129422	-0.044082753	-0.06548823	-0.13478819	0.18645558	-0.21356891	0.22640447	0.12885788	0.09702286	0.16404918	-0.26656184	-0.15158191	0.0747336	-0.011504769	-0.023883779	1.8234922	-0.47115064	0.3769353	-0.077135794	-0.15899262	-0.65351486	-0.096503526	-0.29266864	-0.093684696	-0.19159396	-0.4478755	0.93143845	0.20210372	-0.8690752	-0.05410248	0.008505605	0.4822659	0.254704	-0.16776791	-0.12440488	-0.6942949	1.0573277	0.18912011	1.6099606	0.94467103	-0.029031593	-0.021308998	-0.118431516	-0.048525184	1.8515055	0.17347287	-0.08150657	-0.93739665	-1.5731581	-1.0847877	-0.49683014	0.87531024	0.11727492	-0.8141033	0.008397593	-0.1941666	0.39157876	-0.08748209	1.1469153	0.48700133	-1.5174229	1.4724085	0.08374481	-0.28728113	0.04247102	0.19914152	-0.10362607	-0.17879854	0.26113567	0.76376903	0.20299746	0.070546895	0.011744168	-0.11011338	-0.91685665	-2.049205	0.3612988	-0.6991745	0.22323436	0.59645295	-1.0351106	-0.8605891	0.0028713979	0.042886086	0.061756603	0.0433815	-0.097316444	0.2143862	0.29708698	0.21423636	-0.55130893	-0.15098974	0.5592098	0.3495429	-0.16557588	0.063603275	-0.13966736	-0.15226883	0.089409016	-0.08178048	0.7429471	-0.118516415	-0.17999162	0.09364797	-0.5308591	-0.09880878	0.29191867	0.121360436	0.15847632	1.7965393	-0.17045051	-0.09880963	0.06389773	-0.1363837	-0.8118777	0.21159376	-0.16795051	-0.79000604	0.814396	-0.81715894	-0.095540434	-0.91003144	-0.18876493	-0.06440576	0.17208762	0.13169424	0.022905096	-0.18513815	-1.625966	0.15346524	-0.74932945	0.09454158	-0.06881056	-0.059382137	-0.13725384	-0.019566897	-0.31425616	0.28583533
-0.064404905	0.088762544	-0.20660684	0.80080163	0.13650712	0.08265358	1.0105835	-0.07992061	0.051001906	0.022436155	0.101740696	-0.034704804	-0.2765854	-0.21183914	0.0803289	0.22155823	-0.30833188	-0.7018523	0.041255966	-0.29210016	1.7177392	1.6819025	-0.050630435	0.22909729	0.32025588	0.26954922	0.12991677	-0.8610189	-0.7259463	0.13515536	-0.8474218	0.045416832	0.9341829	-0.033241693	-0.3426767	-9.918585e-06	-0.1955947	0.030428968	0.15881525	-0.09685623	0.7188855	0.2901066	-0.4901281	-0.20816924	0.15613309	0.13018772	0.3033945	-0.1682505	0.43925402	-0.04375631	-0.08543079	0.14506975	0.062740386	0.2611503	0.41962746	1.5910691	-0.179191	0.75682634	0.6996908	0.07480827	-0.16016802	-1.2982706	0.21260165	-0.076636024	-0.46334714	-0.033572815	0.077161044	-0.097208515	-0.08546586	-0.11717513	0.11702819	0.18252316	-0.15887901	-0.29166228	0.098658636	-0.075351834	-0.14840375	1.1726118	-1.0358701	-3.2713046	0.16245013	-0.044883154	1.4524125	-0.33015683	0.073851645	-0.11011254	-0.3297377	0.33292794	-0.61538005	-0.07363822	-0.54140896	0.0272367	0.06966328	-1.6576381	-0.0883694	-0.19202757	-0.23715743	-1.4462315	-0.033624537	-1.1217932	0.722778	1.6906843	0.10679054	0.25015917	-0.07408937	-0.10830782	0.7368073	-0.97351277	-0.27713308	-0.1531122	0.38323224	0.19086953	-0.16335429	-1.2577425	0.062147	-0.63418275	0.0070996424	-1.1762708	1.4077691	-0.33133626	0.24872173	1.5567405	-1.2968987	-1.2911236	-0.10835487	-0.30928916	0.14442214	0.21398546	0.0296948	-0.3186463	1.4523906	-2.7693214	-1.1317604	-0.062193736	-0.18736354	0.25262874	0.28318387	0.34887636	1.676051	-0.14730489	0.32867157	-1.3792381	-0.25941005	-1.4589732	-0.066905886	0.11056621	-0.06749108	-0.58528656	0.20508078	0.12343123	0.0040465593	-0.09799282	1.6310028	-0.25786436	0.28935158	0.015381552	0.11453684	0.28143254	-0.1012935	0.33634043	-0.018435925	-0.015491413	-0.24832228	0.18438187	0.024999887	-0.17291933	-0.1355829	-0.024526883	-1.2273059	-0.19261836	-0.1769851	-1.324472	-0.07718695	-0.16842957	-0.023682848	-0.17081602	1.1367133	0.30038476	-0.16190873	-0.82968783	-0.12318973	-0.3628731	-0.0438259	-0.017770145	0.3229297	0.102369376	-2.266698	0.055702332	-0.34735227	-0.14432034	-0.74471265	0.18029085	0.30278057	0.23066661	-0.017604018	0.040660787	-0.04592682	0.039707195	-0.025250439	0.36211544
-0.019124866	-0.011054032	-0.029865663	0.4294458	-0.022155643	0.013531166	0.75065935	-0.09776977	-0.038553312	0.060766928	-0.07610328	-0.019872159	-0.12011786	0.15020576	0.09121977	0.08166771	-0.1615096	-2.0700576	0.05647777	-0.2428886	1.677508	-0.13441055	-0.020771906	0.001593098	-0.06853725	-0.18864481	0.10125776	-1.8080461	0.13505986	0.1510654	-0.010147784	-0.014615431	-0.27427158	0.06370558	-0.22896984	0.04984904	-0.14660266	0.11981141	0.12606505	0.08280004	1.8266323	2.7859123	-0.7312657	-0.056079727	0.10049208	0.102863885	0.036869057	-0.042466532	0.2861419	0.065960035	0.08723921	0.026407577	-0.094801515	0.1667858	0.37003323	-0.64696723	-0.1804284	-0.20932686	-0.4899909	0.13772948	0.14194936	-0.922723	-0.013435915	0.07979789	1.4531065	0.035155423	0.13187729	0.022187173	0.099309444	0.057835806	0.14905536	0.069700204	-0.31946442	-0.24310568	0.14430024	0.025547147	-0.030659366	-0.2034904	-0.19510767	0.9457548	-0.07325732	0.021096386	-0.9767879	-0.08306857	1.1870874	-0.045195423	-0.19167341	0.08420971	0.45777276	0.10579229	-0.51467705	-0.085129976	-0.075636335	0.28572404	0.0052033477	-0.058361843	0.048127506	0.6669828	-1.9045403	-0.4731705	-0.6789476	-0.49644956	0.13324557	0.07453009	-0.15613145	-0.029007658	1.5031875	0.1554923	-0.08476206	1.8147644	-0.9744162	-1.1232554	-0.04799204	0.12537569	0.08215236	1.1245949	-0.0029504756	-1.0036839	0.9762354	-0.13821891	0.7328939	-0.8180285	1.4845383	-1.4411826	-0.08327736	-0.16876778	-0.08112365	0.09211172	-0.11150442	-0.2478455	-0.822224	-0.9111013	-1.9922138	-0.02330643	-0.019612078	0.082774356	0.566823	-0.6812565	-1.0077459	1.614936	-0.08820367	0.25049242	-0.14238773	0.14297871	0.17493415	0.097937815	0.012936898	-1.254519	-0.003225863	0.18154266	-0.00023889542	-0.10544224	-1.3373419	0.07535397	-0.6652335	0.27899444	0.009936843	0.05855406	0.052899577	0.43734807	0.091052346	0.020868836	-2.638946	-0.10514854	-0.16568522	0.005755063	1.1077715	0.008589793	0.33937642	0.010005712	-0.042139925	-0.41789144	-0.08061614	-0.022471953	-0.00768891	-0.14645848	0.022174068	0.2568005	-0.090626374	-0.7686087	-1.1437309	-0.04944489	-0.16715944	-1.0457586	-0.023845565	-0.08298108	-0.7567196	-0.033526924	-0.0564553	-0.028317945	0.25874135	0.011378404	-0.5458571	0.10514355	-0.15512866	0.014227245	-0.07191303	-0.032238606	0.04344439	0.19307762
-0.98757964	0.15585688	-0.037682872	-0.56871927	0.38521937	-0.037777875	1.3455932	-0.039259277	0.024505198	-0.18925025	0.053916503	-0.22790454	-0.045410052	-0.086161554	0.43709135	-0.28433827	-0.19072366	-0.088706195	0.09201862	-0.5170594	-0.2733493	-0.25881466	-0.106288835	0.06453262	0.6202053	0.5041436	0.27560896	-0.6143261	-0.47864136	0.66138566	-0.8505544	0.67671865	-0.0035186782	-0.17826436	-0.39061064	-0.38139433	-0.16487694	-0.00054279715	0.33038634	0.5460795	-0.4062547	0.46605468	-0.87723106	-0.017912578	0.004729407	0.056755092	0.06220872	-0.0184112	0.15939146	0.10368168	-0.9229285	0.059640557	-0.13213117	0.4337878	1.1251354	0.3148052	-0.044571474	0.35709065	-0.25545427	0.21973112	-0.32372102	2.4845178	0.34011966	0.2027067	-0.8114607	-0.42220196	0.10930464	0.0010245033	0.024946872	0.12001619	-0.0520397	0.32508194	-0.20107111	-0.41180563	0.12641011	-0.12182194	0.19208272	0.11360529	-1.6856985	-1.3285494	0.40226597	-0.1723021	-0.3455253	-0.13679847	-0.1845944	0.06272147	-0.21342005	0.3277535	-0.39383128	-0.0508425	-0.30979347	-0.006029874	-0.18980044	0.13617104	0.19307086	-0.062533274	-0.41786703	0.64988863	-0.54852194	1.5670797	-1.6355962	0.07324336	-0.04795203	0.1939065	-0.22207949	-0.09498899	-0.7029217	0.10140872	-0.22062632	-0.13200656	-0.08398013	0.2566459	-0.15535961	-0.22466773	-0.19220614	-0.38227582	-0.23588274	-2.0881445	1.0538508	-0.2744437	-0.08217202	-0.31255826	0.22324857	-1.235261	0.055712458	-0.40128556	-0.03336455	0.4083544	-0.07895121	-0.318493	-0.8262205	-0.123935774	-0.6965405	-0.35234818	-0.034789834	-0.029819455	2.0478415	0.60669106	-0.19887646	0.80865747	0.44985205	0.47418544	-0.010032093	-0.54174304	0.08549532	0.21118084	-0.019732185	-0.076186135	-0.04925978	0.20245174	0.043202676	0.2233801	0.9152698	-0.52496636	-0.43925226	-0.024136148	-0.030876946	0.09995972	-0.255395	1.4021422	-0.086094566	-0.17069648	0.045848332	0.06936963	-0.112072825	-0.051812712	0.6673864	-0.15081684	-1.1027534	-0.17915782	0.14455009	1.5090497	-0.32092682	-0.14672075	0.11938651	-0.22752877	1.3641516	0.0778357	-0.039072696	-0.62672806	-2.3073997	0.25010797	-0.053138703	0.83737665	-0.061835103	0.29463786	-1.0287762	0.09167892	0.020676114	-0.107781485	0.83420265	0.20367831	-0.74825263	0.17499134	0.051974706	0.2565557	0.023278225	0.038336854	-0.13053456	0.4676075
0.58718526	-0.03009716	0.086200446	0.47642404	-0.25850114	0.06717539	0.7762029	0.15867527	-9.265542e-05	0.25693047	-0.009552056	0.03127186	0.18751904	0.32113397	-0.20817824	0.39483592	-0.16290113	1.4367871	0.02298102	0.082073115	-1.4570204	-0.39560178	-0.07408546	0.02258487	-0.49627787	-0.116501495	-0.17154776	0.44690663	-0.5282073	-0.36138088	0.95335287	-1.9388181	-0.944768	0.24164417	0.10995918	0.27993736	0.15277219	0.109564476	-0.124558225	2.4396346	1.5134457	-0.23371042	0.44956797	-0.25449178	0.14734049	0.2819339	0.24266112	-0.13214949	-0.61193717	-0.040035594	0.32122588	0.0027997205	0.060267415	-0.37713626	-2.2953377	0.6105278	-0.37162507	-0.1783154	-0.8499052	0.25541243	0.33074856	2.1661456	0.038389847	-0.23925513	-1.7999228	0.6674588	-0.032372747	-0.08964972	0.056089673	-0.011646834	0.13219412	-0.22732952	-0.49984428	-0.17392361	0.049212918	-0.025091022	-0.17062083	-1.6160694	0.2935692	-1.504555	-0.51380605	0.27036574	-0.33602342	-0.30585018	1.2272949	-0.22850698	-0.24122421	1.4840022	-1.8459111	0.20927952	-0.40309775	0.0711706	-0.08162313	-0.76231706	-0.11462696	0.03618981	0.43265334	1.7705932	1.7364336	-2.4271123	0.105620846	2.0925715	0.20511724	-0.0114155505	0.17684075	-0.095026925	-2.5980718	-0.65550363	0.014234789	0.82986575	0.52971935	-1.3459109	0.27410084	1.4096229	-0.12147901	-0.8572703	0.25395998	-0.1370424	2.902701	-0.2693007	1.404682	2.2166173	0.14950344	-0.004760757	-0.25395542	-0.11773155	0.04137999	-0.11025356	-0.18874745	-0.21155174	-2.055683	0.59298086	-2.0899997	0.001069665	0.034740772	0.30695492	-2.1682801	0.22271591	-0.9445738	-0.05601978	-0.30765635	3.4706101	-0.9981306	-1.0974486	0.09812543	0.089858346	0.024401791	0.02488928	-0.14074048	0.15361394	-0.061715424	-0.34091282	-0.50196314	0.36186922	-0.7076732	0.51673007	0.1211649	0.027753852	0.43320626	-2.3458161	0.3685332	0.06007292	0.030454002	-0.09692824	-0.16618463	-0.14167362	0.50066197	0.25625926	2.0214536	0.09772788	0.13787238	2.627883	-0.006352149	-0.17012295	-0.1479642	-0.16118126	1.7836528	0.24632533	-0.134147	-0.112173006	2.1584349	0.49894652	0.08684412	-0.5085966	0.10053041	-0.2585184	3.3986263	0.20093292	-0.10554813	0.21012719	1.1681114	0.03564575	-0.5991879	0.34438294	-0.27628833	-0.031364936	0.011762086	-0.06895924	0.25744274	-0.004697904
